id,handle
0,ChanceLucash
1,DominickSpetter
2,CamilleLeidich
3,LizbethWeninger
4,JaniceSiegel
5,GlenLitman
6,EnolaAnspaugh
7,JenellGravito
8,MosesCroasmun
9,CarleeWiltfong
10,PaulGafanha
11,JarredDalin
12,FernandaDregrich
13,HollieDone
14,MiyokoAsrari
15,KatherynYamane
16,LizaBricknell
17,AlejandraHumphers
18,LiHann
19,LanellePilgrim
20,LalaDufrene
21,QuianaTrapeni
22,MitchellTagata
23,WayneVarvel
24,AlonzoBarmettler
25,VirgilioMarchand
26,TawnaChladek
27,LatoriaDebaecke
28,PalmerTutko
29,ClaireCarnovale
30,TaiRogugbakaa
31,NeldaCohagan
32,KellyEmmons
33,KatharynConville
34,KayleeWojeik
35,PiperRepoff
36,KylieSalvatori
37,BaoMcnamar
38,DanteWoehrle
39,LyndseyTatu
40,BenedictDacy
41,DebbieMortland
42,IraBeasley
43,SherronPiety
44,HildredMackesy
45,MillyHeckendorf
46,RavenEisenhart
47,SaundraHusfelt
48,MaiaReon
49,TashaMeraz
50,MagdalenaWitwer
51,BriannaHabibi
52,BeckySchlensker
53,BlancheSkiffington
54,DelilahBehal
55,RussFidler
56,OkLillie
57,FernandeJantz
58,TasiaShadduck
59,JuliannaMordecai
60,MarniRoehm
61,ShirelyHutmacher
62,TrentCustodio
63,RustyHaygood
64,KevinHollembaek
65,RosioLampi
66,JacquelynLitner
67,JeniceFarro
68,BillieHeney
69,EulaliaPrete
70,MabelleOard
71,SherilynRover
72,CherryGoodwine
73,HermilaObi
74,SuzetteWischmann
75,MoraLambiase
76,JamesPat
77,JordanRienstra
78,OzellHornbrook
79,NakeshaCammon
80,KimberelySow
81,FlorencioTkacz
82,ShanonEngholm
83,SharilynIino
84,KendallSolt
85,ChristalAbrahams
86,DavidaScolnik
87,AllenTarpy
88,ImeldaVosberg
89,ChantelleHosford
90,OscarMcphie
91,AlitaRauscher
92,KristopherAmas
93,KelleyWigfield
94,ShirleyWiand
95,SolangeSoverns
96,EileneEzelle
97,LaurinePascarella
98,WinfredLipkovitch
99,LashonMednick
100,ElisabethBrayton
101,KimberyOstby
102,NguyetDennen
103,VergieSchmuff
104,CyndyFiscal
105,CorieMadalinski
106,ThelmaHumphers
107,MaurineFormby
108,ElfriedaLucchese
109,AlejandraDetchon
110,GregoryKeinonen
111,RebbecaBoilard
112,DaronMapston
113,NannieIara
114,AnaAliotta
115,DivinaClinkinbeard
116,AntonyMaphis
117,RobbieAjayi
118,JavierSedar
119,TommieBrimhall
120,ThelmaReuteler
121,KaronKarlovich
122,DeloresHause
123,JacquettaUrman
124,NoeKalmus
125,CristiFernholz
126,CarsonForshey
127,SparkleDuvall
128,OzellaBenage
129,PorterWollin
130,NapoleonSlagle
131,BeatrizMajercin
132,BarneyHadesty
133,EdgarFrappier
134,GalenRullman
135,NikiHohenberger
136,CherPribish
137,SabraLichtenberger
138,LoryRapkowicz
139,HermaAmesbury
140,LawrenceKreuziger
141,ChantelleTricoli
142,GlaydsSodervick
143,JamieLittrel
144,EduardoCullars
145,MarvelArciga
146,LatarshaSeemer
147,KrystinDefrancesco
148,KyungCrumedy
149,LucilaTurnham
150,InezGheza
151,VickeyWeightman
152,JamilaPerisho
153,NickieLaggan
154,DesireHellner
155,EwaGibala
156,LauraDedios
157,AdelaideStenner
158,HungLesley
159,TracyDiamond
160,MaryjaneLefevre
161,LangAwe
162,CarmeloHagner
163,ShanelByington
164,KatinaKynard
165,BertieOdenwald
166,EllanMcumber
167,NonaTamer
168,DanVanduzer
169,NanciBremseth
170,SusanaMontey
171,MarshaBorkholder
172,LoraleeRecalde
173,JulieannBur
174,JordanAckerson
175,SavannaCatala
176,CharlieStonis
177,BobbyeStorer
178,SusyBeermann
179,KarlaDaria
180,VickeyBlackbird
181,GinnyDeforest
182,JacklynDils
183,LuveniaMaida
184,ToshiaLadouceur
185,IsidroBodak
186,OmaHaring
187,TashinaStonebraker
188,HilmaPutzer
189,DemarcusLeppla
190,ArielleAsbridge
191,TarahDeeb
192,SethVondohlen
193,CharisMelamed
194,AnjaWininger
195,OkKruckeberg
196,ThiStetson
197,SheldonLaroux
198,ValenciaMottai
199,MelisaGoodwine
200,MargaretaArenivar
201,GwendaKohnz
202,ShantellWickett
203,ReubenBliese
204,AmeliaVerucchi
205,IgnaciaKearsley
206,KristeenFickas
207,DaniellZelenko
208,VernieHohm
209,LeciaNedry
210,ChangBezner
211,VerdellShortell
212,ArmandoStuckert
213,ShandraKnapp
214,MosheViscera
215,ZoilaLoarca
216,QueenVanwye
217,KinaSenn
218,HaleyCremonese
219,CorieNkomo
220,JuanitaLandis
221,VerdellRollow
222,LarisaArgrave
223,KarmaSanges
224,TangelaSalon
225,DanikaCounter
226,EusebioGlenister
227,ThurmanSkipworth
228,WilburnLauter
229,EvanSkepple
230,LuciusGlicken
231,CarolynWaldroff
232,JodyMiyazaki
233,CherHugghis
234,LaneEbesugawa
235,RosellaKroening
236,JudiMiramontez
237,EmelineMichealson
238,TiffanieTisdale
239,PuraBucholz
240,HoytDimatteo
241,AlenaHinderliter
242,TerenceDaneker
243,LizetteBoblett
244,RossanaRossen
245,VinceHayword
246,MerleBreitenstein
247,FideliaBakley
248,WilburnHebden
249,AnnalisaRambousek
250,EugeniaSantilukka
251,KristynBehnken
252,SinaRicenberg
253,MyriamLenard
254,GuillermoSebastien
255,MalloryKreisberg
256,ElishaTzeng
257,RuthaSliter
258,SusyShearman
259,LauraleeNeedle
260,MalorieStromski
261,NannieBeghtol
262,SkyeMairot
263,AndrewHeizman
264,GertrudeStrow
265,DarrenSorgi
266,AveryChristello
267,RochelBagby
268,WillisSinton
269,ShemekaGottsch
270,EsperanzaMullice
271,MichaBertuzzi
272,JohnnieHaddad
273,SeritaBrobeck
274,DavisBeasley
275,LiliaSalizzoni
276,StephanyAnshutz
277,FelipaGranado
278,DenniseCandido
279,MarcellusKohan
280,ReneKamienski
281,NerissaHeadrick
282,FredrickaLeske
283,EmogeneElliot
284,ChiquitaPahl
285,VennieTorres
286,TinishaDittman
287,VanceMonteverde
288,YukikoMajewski
289,MitziKahanek
290,BrennaJorinscay
291,CarmelinaWickwire
292,KenishaHeineck
293,AmalBello
294,GiovannaBan
295,MargeretRecar
296,CaridadLampi
297,ToshaPomeranz
298,KathlineChicharello
299,JosephDan
300,AminaKraebel
301,JenaeWetherbee
302,DerickSharpton
303,MadelaineRupright
304,DahliaNerbonne
305,TaylorAurelia
306,SammyBaltimore
307,BessBrumer
308,CasimiraSein
309,JeanelleWahr
310,DebrahBeetley
311,NieshaDemarco
312,MoniqueSpeas
313,ReneCoutcher
314,LajuanaGrapes
315,FrederickGrissinger
316,RoderickTruxon
317,LetishaHolien
318,FrancinaMandino
319,EzekielChowen
320,JulietRemke
321,RandolphBakula
322,PennyPierrott
323,CarlaFlin
324,SallieStecklair
325,GwennKatis
326,ShelliKucek
327,ChesterDiamond
328,JaysonChassaniol
329,VerleneMittelstedt
330,CyndyTrippet
331,CarmellaRichmann
332,AbelStobb
333,DenisseLiebhardt
334,AndreColumbus
335,JenaeLavina
336,JarvisSchoeben
337,SunniMancillas
338,JolynnPetet
339,DemetriusKudlacik
340,VinaStoebner
341,MargeneLupacchino
342,TraceyHellmann
343,EpifaniaRiffel
344,AlleenBasnett
345,GracielaBorell
346,LisbethRoets
347,RosalindaCoak
348,JohannaPurswell
349,AubreyBrunsvold
350,HungTillberry
351,HankHopperstad
352,CicelyFarabee
353,DorindaOverlie
354,MarshallNondorf
355,DelRojek
356,GabrielFryer
357,MozelleBottoni
358,ShirlCubbage
359,ElwandaZipperer
360,OlindaEigner
361,SylvesterFabry
362,TiffinyLedgerwood
363,RonDitommaso
364,LaraineGauna
365,CassondraDretzka
366,EliciaNachazel
367,EdythDatson
368,ElissaVenneman
369,LeonoraWoodley
370,JasminYamagata
371,TomikaKerney
372,RandolphPenfield
373,EmikoRogosky
374,ArchieElson
375,MarielleDorcelus
376,FilibertoCassetty
377,GretchenLessner
378,AshtonRepka
379,LawrenceCrossmon
380,JayneMuntean
381,GladyMilson
382,JeffreyFanton
383,JcDove
384,NicholasWarsme
385,AnderaFedele
386,KatherineGronvall
387,DwightHyrkas
388,CarlynHeisinger
389,RomaineMatuszeski
390,ClarethaRamsburg
391,ArdithSpringer
392,FlorencioWandler
393,AuroraSablock
394,ErickSchneeman
395,JarrettGanther
396,HayleyPisicchio
397,SaritaKavadias
398,SherwoodDimalanta
399,LynwoodBecklin
400,CarlyVinegar
401,DarrickKracht
402,YurikoLasanta
403,EddieSharron
404,YolandoPloss
405,DwayneIbasitas
406,CarolParrales
407,MckinleyReifsnider
408,TalishaPezzetti
409,MendyKooken
410,TrenaScheid
411,TiffinyPleau
412,CherylBoulware
413,EmmaKanahele
414,DonettaLetender
415,AuroreCatchings
416,DeboraMillin
417,HeeGembarowski
418,AdaBrundage
419,FrancescaStine
420,CariTatis
421,MilfordReiners
422,DorothaChukes
423,AnniceEledge
424,ScottieAsiedu
425,WinnieReitz
426,LavelleMaderios
427,MarilynnJob
428,HaroldLacroix
429,AlexKaaihue
430,TheodoraHernton
431,TennilleBaranow
432,JohanneTernasky
433,YokoVillalobas
434,HertaStimac
435,JackDimitri
436,CheryleWalby
437,AltheaNeylon
438,MyrnaSirico
439,HoneyMccullagh
440,BennySiebert
441,KamiZulfer
442,AntwanDosier
443,DeanneMclatchy
444,JeannieSicari
445,SigneJude
446,MarthArlinghaus
447,FelishaKali
448,LynelleRiston
449,LadawnPollet
450,PhyllisTurnbo
451,FelixGuthmiller
452,MohammedBiava
453,RobertoBawks
454,ArronZingone
455,JudithKerkvliet
456,GoldenBallam
457,ShelliKingson
458,JeffreyDirusso
459,CodyKaub
460,YenJeffrey
461,JeniseLarmon
462,DarbyGojmerac
463,StefanieVirock
464,CorlissPollacco
465,MireyaFreeney
466,SantanaSchopflin
467,MetaRedal
468,NoreenMerren
469,RosalynSheingold
470,MargertRane
471,DeshawnSkufca
472,RossanaSievel
473,DionCutten
474,AlisonCiolek
475,ReinaldoPuebla
476,PameliaStouten
477,ConchitaForshey
478,BrittanyMenke
479,AnnaleeGlunt
480,EdwinLucore
481,KenishaTilton
482,LavernAdickes
483,PricillaKarry
484,MonaNedley
485,CelesteMcintire
486,ElseBarkdoll
487,TorriYouket
488,KristianHuppert
489,MerissaUihlein
490,YelenaVassen
491,TyroneMcdaris
492,MattieMajano
493,BerniecePoehlein
494,TawnyLeggitt
495,AnjelicaVassen
496,JeaneChhom
497,TwannaLeeks
498,LeomaCalcutt
499,EdaDumars
500,SharynOhno
501,MarylouiseBougie
502,ToryTracey
503,IdaliaJuriga
504,MarioOchsner
505,NieshaBrug
506,ShayStrong
507,FritzKyte
508,WardMcgirr
509,PaulineSparks
510,MariaGrosclaude
511,NathanialWalkes
512,EarnestMandiola
513,LucinaKnights
514,LailaBrookman
515,DelorseZaidi
516,ValentinWitt
517,SashaCheek
518,VeronikaBelcourt
519,DorthyLytal
520,MarineEldridge
521,TanaKawamura
522,HongHolahan
523,RexWhitsell
524,DaronTonne
525,RetaWankel
526,ToriBrackman
527,KristaScobie
528,JanyceMeader
529,MadalineTravieso
530,SantosCobble
531,YolandoLucero
532,NoellaBonnell
533,ZitaNatewa
534,RaeWishum
535,KelliLatta
536,VanesaYorkman
537,RichardWilliar
538,DongSeavy
539,GaylaNwabeke
540,MaudieSau
541,IeshaBickle
542,SandaTaggert
543,MauricioQuillian
544,RosellaPrill
545,GlaydsChimes
546,LueSciuto
547,ConchaParipovich
548,BillObrzut
549,TomokoGrunewald
550,AraceliBlecker
551,OnaFennema
552,WavaLebedeff
553,AndreeClover
554,DarleneNotto
555,NorbertoLeitten
556,YerIalongo
557,WestonKrumm
558,CharlenaElledge
559,DionnaShambo
560,EmikoEavey
561,ZoraPersonius
562,ColeDobrunz
563,StephanieViard
564,TheresaBerkheimer
565,LacyMurthy
566,JoesphMalinchalk
567,KatelinBurgdorf
568,LeanaTillson
569,TawannaWichmann
570,DavinaDellwo
571,AutumnYaccarino
572,WenBorjon
573,LaurieDurdan
574,SaulGremo
575,WilfredBarbagallo
576,JaimieBrenchley
577,MarlaGustave
578,LailaIsacson
579,RobynReynero
580,ChuckEyubeh
581,FondaDikens
582,SalvatoreRemlin
583,PalmaValrie
584,ShirleeRezendes
585,LaciRuta
586,LarisaVillafuerte
587,GaleReisin
588,CassidyFamilia
589,ShaniceWisinger
590,LolaMcnees
591,LorenDesormo
592,WernerRugg
593,HillaryStufflebean
594,DanyelCloninger
595,WadeFadale
596,AsiaJimison
597,BriannePrisoc
598,ShariceEslava
599,LindseyVentura
600,ScarletLea
601,AmaliaRusich
602,RayfordRudin
603,VivaDashnaw
604,ArnettaNasca
605,EvangelinaHasting
606,KiraBacino
607,GoldaTherrell
608,ViolaSchiefer
609,SamualNiehoff
610,MarilynnCosimini
611,MollyYerby
612,DinahKeplin
613,ValDufer
614,LorenHopkinson
615,DelenaWillette
616,BonnyTrussel
617,TildaGerz
618,TeodoraSibble
619,RomanaZundel
620,SantanaBrophy
621,ShirleySajdak
622,RosannaGaukel
623,JesseTasma
624,SheritaDocker
625,MarvellaBatman
626,WarnerLoeffler
627,MorrisDrawec
628,HarriettLogarbo
629,LiseGamma
630,ClarineBarbo
631,AlexanderBiele
632,JohnsieLandrus
633,MaxieEbenstein
634,TommieDeller
635,DaniellaMatzen
636,GeorgettaNewlin
637,CarynNishio
638,DivinaOcchiogrosso
639,BambiWoodworth
640,JeriLasenby
641,NevadaLaurich
642,SibylMoreci
643,ChetFlavin
644,MaymeWisdom
645,BettyannCarraway
646,AnnamariaKinnie
647,MiriamRasole
648,JoniMckearin
649,KeiraScullin
650,MelanyEmler
651,ErvinWedgworth
652,RebbecaVulgamott
653,RobenaNiedbalec
654,YanSchoenfeld
655,StanfordPeat
656,ShayChodorov
657,VaughnBrzozowski
658,DaltonHalsey
659,JessiFutrell
660,JolynnReudink
661,RosamariaBlakesley
662,JanisePirozhkov
663,BertaOnaga
664,LilianVonhagen
665,PiaDrzewiecki
666,VadaRoza
667,BrittMeehan
668,SusanneBeauchamp
669,RonGauch
670,EloyAchin
671,FelishaMoreb
672,JamiePeppas
673,JoelleSteinman
674,SeemaBrackman
675,TennieRazer
676,MariluKunesh
677,BarabaraAmarillas
678,CaridadNixson
679,LamarBechtold
680,CaylaBrannigan
681,JustinChesson
682,DelilahKrusor
683,AntoninaNygard
684,CieraSwales
685,CherlySwihart
686,MindaConrod
687,RosenaTucker
688,KhadijahPippert
689,EvelinaMarzano
690,JavierWulffraat
691,RollandDunklee
692,MaganLabrada
693,ChesterHashim
694,JeromyPassaro
695,NaTinder
696,DeaneDicecco
697,DanaeAlicia
698,ShayneBerhalter
699,CalistaBazar
700,TarynGallacher
701,AlvertaLunderville
702,TeodoraPhomphithak
703,AugustineMossor
704,CharmaineDearstyne
705,NorrisSkay
706,MinOverson
707,EstellaTarangelo
708,JerroldMabbott
709,AnnemarieVenturelli
710,ZeniaLye
711,PaigeKristiansen
712,ArdelleDemay
713,MarisDeross
714,JasonPursley
715,MargitChoe
716,LudivinaMonigold
717,DiannDriever
718,EstefanaCampa
719,TienRzasa
720,DavidMacreno
721,StanleyPujol
722,RoxanneGladysiewski
723,TabithaCovello
724,AminaSongco
725,KimberGodbee
726,LiaBerchielli
727,OctavioHowry
728,LesleyDurate
729,MargaretClendenen
730,NorbertCluesman
731,CrystaKeigley
732,RegenaDriesenga
733,EulahKositzke
734,CarmenNgov
735,EulahTurli
736,RosemaryDalluge
737,JulietteBetschman
738,WaiGrau
739,RicardaHagee
740,JacksonSadowski
741,NickolasCassard
742,CathrynDelargy
743,ArmindaMiran
744,VicenteCerza
745,WillIllian
746,LavondaSchlemmer
747,MeridithVollenweider
748,SonReichel
749,HansLilyblade
750,CharlynMoos
751,CoralDorcelus
752,ChasityDawkin
753,NoelGrazioplene
754,DemetriaChisom
755,LudiePanas
756,CarminaVincente
757,LatishaByro
758,AldoWexler
759,LoreenRhynard
760,RachalGerlich
761,CecileVieth
762,WilletteSchleuder
763,GerryGaletta
764,JeannineGildea
765,LamarTasby
766,AliceCasso
767,BulahOre
768,LucileCleamons
769,MarcelPankau
770,BradfordMaslakowski
771,JewellGeckles
772,SantaGruben
773,DungStrozewski
774,JarodMayr
775,RaymondeFalcione
776,MarianBursey
777,KelsieHusak
778,LucienArnerich
779,AikoSenko
780,AndersonCapossela
781,AlethaSperling
782,YolondaVanterpool
783,ArleanSielski
784,ToniLemoine
785,WalterBrola
786,RisaWhitheld
787,RiaSchriver
788,JesseniaCrabb
789,StantonDunseith
790,ToneyHarris
791,ThersaMarkovitz
792,PreciousFlater
793,DarrelBillotte
794,ClarettaNarayanan
795,HaroldFallert
796,CarmeloVanhooser
797,GranvillePetts
798,AlbaYielding
799,RosenaDegele
800,TereasaKoshar
801,DenyseShimp
802,CorrinaTeeples
803,SharynRunion
804,MohamedArmendarez
805,MarciaMcleod
806,ShamikaSolages
807,IsaLangehennig
808,RettaTinn
809,GaynellChesnutt
810,TameraMetcalf
811,ConnieBoback
812,ErickGunn
813,HortensiaMorgensen
814,BelkisFret
815,KaiGrassie
816,DexterBaylon
817,LuigiHillburg
818,NorbertoMarkewich
819,KasieBastain
820,ArliePlunket
821,AdrianSerens
822,KelliCrosbie
823,GoldaSour
824,ElenoreJespersen
825,AngelaHopkinson
826,NanceyMallone
827,LettyDevaux
828,MargeneMutschler
829,KieraDenenberg
830,MinervaLoser
831,MittieMassetti
832,TeodoraGuin
833,CelestinaHunyadi
834,MicheleRathke
835,DionneDost
836,KelleyGoehringer
837,FawnBluestein
838,JacqulynBakeley
839,SadeOpeka
840,ShontaCluck
841,AdamReuber
842,LinnMullane
843,RolandBesner
844,FlaviaKershbaumer
845,ToddHaboush
846,TaunyaSimms
847,StaceyKuehnert
848,KaceyEnerson
849,BrynnMagic
850,HueGenzel
851,VertieGessel
852,ArlethaKately
853,RenettaBellemy
854,HaroldOspital
855,LizaVandesteeg
856,CorazonWhittinghill
857,SangLanpher
858,CatalinaBoston
859,CandraDettmer
860,TynishaGinsky
861,DesiraeJeanty
862,RanaeKooken
863,SoDildy
864,DaleRobben
865,MauricioHaggard
866,JaclynKirksey
867,RodneySellar
868,RodLuchenbill
869,BariPontarelli
870,BeverlyBungy
871,RoseannImm
872,FreddaDexheimer
873,LanitaCluxton
874,MackSanges
875,LeighannDrohan
876,DeePaino
877,DeedraBuschner
878,BernadetteMirabile
879,MaximinaRuden
880,ChristalEsbrandt
881,AlexisGillund
882,CasimiraSchember
883,AshelyVanantwerp
884,WesleyCassarino
885,BillieGroves
886,MargretTenhaeff
887,EarlieAngel
888,MaximoPreisendorf
889,LasonyaMcclearen
890,SelinaMarkland
891,LynnaZanin
892,AllineWinklepleck
893,LauraReisenauer
894,FredrickaHuyard
895,LawrenceMiyataki
896,AguedaHolibaugh
897,LeenaBoken
898,XuanKnestrick
899,SibylSuders
900,LaverneMcmanis
901,YiKeville
902,TobieVanoni
903,LucillaCushwa
904,RickeyRedinbo
905,HuongJapp
906,SharaHanson
907,WadeEllzey
908,KerryIbey
909,AnamariaCamille
910,HerminaFido
911,NigelVlasaty
912,MatthewMarsac
913,KellieVaulet
914,MarcelinoTacke
915,DariaDilello
916,AnthonyBern
917,JamarSeefeld
918,LuzGuilfoil
919,AngelinaLohry
920,RivaChalender
921,OrenTragesser
922,DesireCleverley
923,GailKapichok
924,MonserrateRowand
925,CharisePacer
926,MarcelinaBurnaman
927,ThiSedam
928,SimonneMooneyhan
929,CarlosVaras
930,TheresiaGranato
931,MarineDunshie
932,YukiJagielski
933,ShandiMcauly
934,MillardLanasa
935,DestinyPlatko
936,ErlineTodd
937,ShoshanaStaudinger
938,EliaBrunscheen
939,GuyNabritt
940,HueLanouette
941,TarraHeatherton
942,ChinaAltheimer
943,RolandoJoehnck
944,InaMaclennan
945,KeshaRollefson
946,SidEblen
947,KathrinAutio
948,AngleQualey
949,AnyaVanscoik
950,AllaSkinsacos
951,LeonardaGuevera
952,ShemekaLawman
953,TreenaKlitzing
954,CelenaKean
955,CarolynPharis
956,MarkettaYanish
957,LanelleLevasseur
958,MartaFrancia
959,VerleneEbrani
960,DelanaLandes
961,RickeyMumaugh
962,TeresiaVenhorst
963,KileyNoy
964,JoeDomnick
965,AmiraKaderlik
966,JefferyDahle
967,NeldaFogerty
968,EtsukoEckardt
969,MadaleneKaupu
970,EzequielBurkleo
971,BobbiSpiro
972,LorenzoBumstead
973,KristopherSlavin
974,LissetteKatten
975,AshliMcnell
976,MarkettaFrock
977,ErnaHogenmiller
978,PhyliciaGirvan
979,FredrickSandus
980,EdytheTenzer
981,ScotRiojas
982,ShantelleDeed
983,InSanderfer
984,KallieBesong
985,JenniHorvers
986,SyreetaAun
987,JamalEshleman
988,BrittFrabotta
989,MimiFajen
990,NanceeArrizaga
991,IdaliaEaves
992,ElroyLecea
993,NumbersKujak
994,FannieDorrian
995,NicholGelfand
996,EdenLetteer
997,DelFeild
998,SherlyLaranjo
999,JustinaBobseine
